b_intervals,fb,original_u,shifted_u,num_b,weights,weights without 2
"(1, 11)",0,-79.38501629502642,-4.0,10.0,3.678794411714424,1.3533528323661268
"(11, 21)",1,-78.38501629502642,-3.0,10.0,4.723665527410147,2.231301601484298
"(21, 31)",2,-77.38501629502642,-2.0,10.0,6.065306597126334,3.678794411714424
"(31, 41)",3,-76.38501629502642,-1.0,10.0,7.788007830714049,6.065306597126334
"(41, 91)",4,-75.38501629502642,0.0,50.0,50.0,50.0
