b_intervals,fb,utility,weights
"(12377, 123771)",0,-12873.646126200578,0.0
"(136147, 2227861)",2048,-10825.646126200578,0.0
"(2240237, 2797203)",4155,-8718.64612620058,0.0
"(2809579, 4851784)",6166,-6707.646126200578,0.0
