b_intervals,fb,original_u,shifted_u,num_b,weights,weights without 2
"(1, 6)",0,-327.60423456261003,-2.0,5.0,4.524187090179797,4.093653765389909
"(6, 16)",1,-326.60423456261003,-1.0,10.0,9.51229424500714,9.048374180359595
"(16, 91)",2,-325.60423456261003,0.0,75.0,75.0,75.0
