b_intervals,utilities,gumbel_scores,weights
"(12377, 86640)",-12873.646126200578,-1610.1910027568563,0.0
"(148524, 2104091)",-10825.646126200578,-1354.0967173202237,0.0
"(2190729, 2190730)",-8718.64612620058,-1089.0352632632437,0.0
"(2760071, 2760072)",-6707.646126200578,-838.1421779371428,0.0
