b_intervals,utilities,weights
"(12377, 74263)",-12873.646126200578,0.0
"(160901, 2116468)",-10825.646126200578,0.0
"(2178352, 2178353)",-8718.64612620058,0.0
"(2747694, 2747695)",-6707.646126200578,0.0
