b_intervals,utilities,weights
"(12377, 61886)",-6166.0,0.0
"(173278, 2128845)",-4118.0,2.798436394503339e-224
"(2165975, 2165976)",-2011.0000000000018,6.74876975223287e-110
"(2735317, 2735318)",0.0,1.0
